Date,id,Ozone,CO,SO2,NO2,PM10,PM2
2021-08-01,0,19.099310344827586,1.1546666666666667,7.014137931034482,27.52392857142857,76.683,34.520999999999994
2021-08-02,0,24.30933333333333,1.2363333333333333,7.760666666666666,26.896551724137932,83.445,43.59
2021-08-03,0,19.255666666666666,0.8426666666666667,7.774,25.49448275862069,70.09965517241379,29.114666666666665
2021-08-04,0,21.512333333333334,0.9023333333333333,8.062333333333333,26.018620689655172,71.76103448275863,26.203333333333333
2021-08-05,0,24.413666666666664,0.9026666666666667,8.563333333333333,25.32344827586207,95.31379310344828,40.00566666666667
2021-08-06,0,25.768666666666665,0.9646666666666667,8.597000000000001,27.9151724137931,107.02172413793105,46.57166666666667
2021-08-07,0,16.434,1.136,9.213666666666665,31.844827586206897,98.46033333333334,46.68366666666667
2021-08-08,0,17.768620689655172,1.0746666666666667,8.443999999999999,30.392413793103447,83.92866666666667,48.96933333333333
2021-08-09,0,21.701,1.0753333333333333,8.299666666666667,30.476206896551723,97.97310344827586,54.35433333333334
2021-08-10,0,18.969,0.9169999999999999,7.890333333333333,30.881724137931037,138.85103448275862,41.846
2021-08-11,0,18.029333333333334,0.8160000000000001,8.074666666666667,27.560689655172414,134.84392857142856,33.766666666666666
2021-08-12,0,21.726,0.8350000000000001,7.535333333333333,26.33034482758621,138.931,32.685172413793104
2021-08-13,0,21.941,0.792,7.299,23.908620689655173,133.77310344827586,33.12233333333333
2021-08-14,0,23.609666666666666,0.755,7.668666666666667,23.018275862068965,138.39,32.39566666666666
2021-08-15,0,23.58241379310345,0.7282758620689656,7.5649999999999995,19.9725,129.21607142857144,33.26620689655172
2021-08-16,0,24.087333333333333,0.8113333333333334,7.998333333333334,23.817586206896554,146.92633333333333,38.077999999999996
2021-08-17,0,25.637999999999998,0.889,7.694,26.33551724137931,176.897,52.05133333333333
2021-08-18,0,32.077,1.054,7.9783333333333335,30.91689655172414,176.43172413793104,61.40866666666667
2021-08-19,0,32.64833333333333,1.1113333333333335,9.294,36.5048275862069,190.27724137931034,76.87833333333333
2021-08-20,0,19.733333333333334,0.8463333333333334,7.705333333333333,26.679310344827588,79.91413793103449,39.00533333333333
2021-08-21,0,22.232333333333333,0.9423333333333334,7.336,24.34689655172414,38.43482758620689,23.878333333333334
2021-08-22,0,22.075714285714287,0.9644827586206897,6.698620689655172,24.17862068965517,61.95413793103449,34.074333333333335
2021-08-23,0,28.806896551724137,1.1313333333333333,6.617586206896552,29.654137931034484,84.163,37.723
2021-08-24,0,21.014482758620687,1.2633333333333332,6.485333333333333,29.490689655172414,110.15766666666667,49.623333333333335
2021-08-25,0,19.266333333333332,0.9173333333333333,6.544,26.566206896551723,135.72620689655173,37.16366666666667
2021-08-26,0,19.009999999999998,0.9333333333333333,6.805000000000001,24.524482758620692,143.5193103448276,33.172666666666665
2021-08-27,0,21.100666666666665,0.8833333333333333,6.977666666666666,27.470344827586207,177.0948275862069,44.205666666666666
2021-08-28,0,23.796333333333333,1.0376666666666667,7.305666666666667,29.324137931034482,148.8062068965517,49.74133333333334
2021-08-29,0,24.558666666666667,0.9086666666666667,6.990666666666667,23.68,128.39793103448275,54.89366666666667
2021-08-30,0,23.837666666666667,0.7946666666666666,7.242666666666667,18.164827586206897,59.16379310344828,25.57133333333333
2021-08-31,0,14.850999999999999,0.887,7.630333333333334,21.78793103448276,44.53862068965517,22.18933333333333
2021-09-01,0,14.319333333333333,0.9026666666666666,7.140666666666666,22.433103448275865,41.62896551724138,24.272
2021-09-02,0,21.036333333333335,1.1423333333333334,7.6659999999999995,23.70413793103448,60.451034482758615,30.275333333333332
2021-09-03,0,23.964,0.9786666666666667,7.176666666666667,24.338275862068965,58.291071428571435,26.186333333333334
2021-09-04,0,21.813666666666666,1.274,7.979333333333333,27.682758620689654,71.71357142857143,29.529
2021-09-05,0,23.896896551724137,1.3627586206896551,7.660344827586207,28.588275862068965,96.84629629629629,43.36
2021-09-06,0,30.853333333333335,1.363,7.913666666666667,30.91862068965517,118.77142857142857,55.357
2021-09-07,0,25.516000000000002,1.0403333333333333,8.141666666666667,23.541724137931034,87.36107142857144,42.749
2021-09-08,0,22.774333333333335,0.9263333333333333,8.57,22.141379310344828,67.49357142857143,24.353666666666665
2021-09-09,0,23.080666666666666,1.0396666666666667,8.542333333333334,23.761724137931036,77.72714285714287,31.903000000000002
2021-09-10,0,23.62933333333333,0.9373333333333334,8.535666666666666,23.052413793103447,71.04785714285714,33.31966666666667
2021-09-11,0,23.130333333333333,0.9296666666666666,7.821,23.076071428571428,35.885,20.905666666666665
2021-09-12,0,24.465333333333334,1.2113333333333334,9.148333333333333,23.518214285714286,56.965714285714284,29.988999999999997
2021-09-13,0,25.863999999999997,1.102,8.378,25.268620689655172,78.1675,38.664
2021-09-14,0,22.849,1.0173333333333334,9.185666666666666,22.54689655172414,78.41892857142857,27.40266666666667
2021-09-15,0,21.81866666666667,1.1256666666666668,8.418333333333333,24.264827586206895,72.58285714285714,20.954
2021-09-16,0,16.420666666666666,1.1646666666666665,7.528333333333333,26.65310344827586,68.84857142857143,25.178
2021-09-17,0,19.473,0.9963333333333334,7.905666666666666,23.11931034482759,64.84714285714286,23.887
2021-09-18,0,22.197333333333333,0.9663333333333333,9.029333333333334,23.30448275862069,76.75964285714285,31.981724137931035
2021-09-19,0,21.956333333333337,0.9376666666666666,8.617333333333333,23.04896551724138,81.6875,32.03068965517242
2021-09-20,0,22.250999999999998,1.0503333333333333,9.058666666666666,25.095333333333333,84.79892857142856,30.78241379310345
2021-09-21,0,20.503333333333334,0.9919999999999999,9.670333333333334,26.181,80.32714285714285,31.401666666666664
2021-09-22,0,20.959333333333333,0.9263333333333333,8.092413793103448,25.764666666666667,66.88285714285715,27.562
2021-09-23,0,23.06066666666667,0.871,8.366666666666667,21.812333333333335,65.01586206896552,25.365333333333336
2021-09-24,0,18.711666666666666,1.028,9.341379310344827,24.895666666666667,63.3403448275862,26.28166666666667
2021-09-25,0,25.742666666666665,0.9258620689655173,8.802666666666665,23.776666666666664,77.68758620689655,34.791666666666664
2021-09-26,0,28.031333333333336,0.956,9.816666666666666,23.372666666666664,79.19896551724138,37.36033333333333
2021-09-27,0,33.806,1.1340000000000001,10.58,27.047,122.88275862068966,56.254666666666665
2021-09-28,0,27.459999999999997,1.1436666666666668,9.231333333333334,25.037666666666667,111.87482758620689,46.39566666666666
2021-09-29,0,23.962333333333333,1.0443333333333333,9.207333333333333,23.194333333333336,87.85448275862069,32.36533333333333
2021-09-30,0,24.69633333333333,1.0216666666666667,8.038333333333334,25.694666666666667,94.0303448275862,37.417
2021-10-01,0,26.837,1.4276666666666666,9.640666666666668,34.65866666666667,132.97896551724136,53.248333333333335
2021-10-02,0,26.533333333333335,1.236,8.529333333333334,26.078333333333333,132.08310344827586,57.802
2021-10-03,0,20.153333333333332,1.0233333333333332,8.309333333333333,22.341,109.54827586206896,38.242333333333335
2021-10-04,0,20.509,1.063793103448276,8.862333333333334,23.862333333333332,106.5848275862069,31.003666666666668
2021-10-05,0,33.288333333333334,1.0382758620689656,9.174,29.441666666666666,120.7158620689655,40.067
2021-10-06,0,25.333666666666666,1.1113333333333335,8.415666666666667,27.059,123.51931034482759,50.35066666666667
2021-10-07,0,33.42966666666667,1.043,9.215666666666666,31.454666666666665,160.60999999999999,66.376
2021-10-08,0,34.424,1.214,9.422666666666666,39.382666666666665,201.2003448275862,73.49600000000001
2021-10-09,0,30.317333333333334,1.2349999999999999,9.431666666666667,41.20466666666667,205.0896551724138,69.20599999999999
2021-10-10,0,27.240333333333336,1.341,9.443000000000001,39.642,194.21379310344827,65.60466666666667
2021-10-11,0,26.369333333333334,1.4126666666666667,9.220333333333334,39.778,190.21862068965518,64.75366666666666
2021-10-12,0,29.650666666666666,1.2343333333333333,9.117666666666667,41.06933333333333,207.90827586206896,70.29366666666667
2021-10-13,0,37.114333333333335,0.971,10.028333333333334,39.050333333333334,217.43827586206896,78.845
2021-10-14,0,38.20766666666667,1.069,10.043666666666667,44.37733333333333,211.22931034482758,77.12033333333333
2021-10-15,0,40.26,1.3796666666666666,10.441,48.184666666666665,223.94586206896554,92.90933333333334
2021-10-16,0,32.659,1.7526666666666666,12.222333333333333,58.76931034482759,313.45,160.95714285714286
2021-10-17,0,17.868,1.1633333333333333,8.358,37.11344827586207,197.92620689655172,121.76633333333332
2021-10-18,0,17.430666666666664,0.865,6.859666666666667,23.775,40.42448275862069,19.204666666666665
2021-10-19,0,25.703,1.0293333333333332,7.724,31.401666666666664,113.47035714285714,55.468333333333334
2021-10-20,0,30.913666666666664,1.4349999999999998,9.411666666666667,44.653000000000006,226.0148275862069,102.44233333333334
2021-10-21,0,26.812333333333335,1.2830000000000001,9.153,45.94566666666666,244.4362068965517,74.93866666666666
2021-10-22,0,25.179333333333332,1.4096666666666666,9.276333333333334,43.026666666666664,193.4941379310345,58.567
2021-10-23,0,26.12633333333333,1.3537931034482757,8.943333333333333,46.465333333333334,184.45172413793105,68.19333333333333
2021-10-24,0,35.757333333333335,0.9817241379310344,7.5376666666666665,34.52833333333333,147.06758620689655,67.88068965517242
2021-10-25,0,32.317,1.0948275862068966,7.796666666666667,35.88433333333333,102.21827586206896,43.304482758620686
2021-10-26,0,30.079666666666665,1.306551724137931,8.032666666666666,41.027,171.83758620689656,71.08999999999999
2021-10-27,0,32.86966666666667,1.4436666666666667,9.554333333333334,55.102333333333334,257.6672413793104,109.05799999999999
2021-10-28,0,33.49666666666666,1.6089999999999998,9.201333333333334,55.51366666666666,275.3134482758621,126.18599999999999
2021-10-29,0,31.49366666666667,1.7473333333333334,10.366000000000001,62.160333333333334,286.19448275862067,131.287
2021-10-30,0,31.017999999999997,1.4046666666666667,9.747333333333334,62.236666666666665,263.8482142857143,113.137
2021-10-31,0,34.84766666666667,1.661333333333333,10.910666666666666,59.95366666666666,315.8353571428571,131.09966666666665
2021-11-01,0,31.559666666666665,2.0953333333333335,10.776,74.91133333333333,315.8672413793103,146.74166666666667
2021-11-02,0,33.098333333333336,1.6403333333333334,10.049666666666667,67.91366666666667,287.9924137931035,142.37366666666668
2021-11-03,0,33.089666666666666,2.2056666666666667,9.810666666666666,73.015,328.8596551724138,173.21166666666667
2021-11-04,0,28.811333333333334,2.1093333333333333,10.802,61.611,465.21999999999997,330.8553333333333
2021-11-05,0,22.093,2.3306666666666667,13.943999999999999,55.035333333333334,540.4506896551724,410.937
2021-11-06,0,30.377333333333333,1.8739999999999999,10.892333333333333,59.59766666666667,458.09241379310345,326.0626666666667
2021-11-07,0,31.568666666666665,1.8539999999999999,10.987666666666666,60.958999999999996,408.52862068965516,274.2033333333333
2021-11-08,0,31.005999999999997,1.893,11.565,68.64766666666667,401.9055172413793,263.65766666666667
2021-11-09,0,29.252333333333336,2.0766666666666667,13.501666666666667,68.50233333333334,430.9637931034483,275.8431034482759
2021-11-10,0,31.097666666666665,2.229,13.444333333333333,76.08766666666666,402.56310344827585,238.30366666666666
2021-11-11,0,12.606206896551724,2.7679310344827583,11.946896551724139,86.81310344827585,507.5658620689655,320.42266666666666
2021-11-12,0,21.747333333333334,2.8116666666666665,11.516333333333334,79.534,586.3631034482759,397.4306666666667
2021-11-13,0,25.600666666666665,2.316666666666667,11.260333333333334,70.31633333333333,444.00689655172414,271.136
2021-11-14,0,28.327333333333332,2.081,13.038,66.39066666666666,343.2662068965517,192.484
2021-11-15,0,24.884666666666664,2.070333333333333,11.610999999999999,73.53633333333333,374.2868965517241,219.38533333333334
2021-11-16,0,28.154999999999998,2.062666666666667,12.441666666666666,64.79266666666666,416.2134482758621,266.5006666666667
2021-11-17,0,29.308,2.334,11.324333333333334,64.96733333333333,376.25586206896554,229.04933333333332
2021-11-18,0,32.218333333333334,2.646333333333333,12.579,76.70233333333334,378.42310344827587,230.0773333333333
2021-11-19,0,30.117,2.4016666666666664,15.300666666666666,76.258,387.3141379310345,245.55766666666665
2021-11-20,0,28.732068965517243,2.2333333333333334,13.998,73.04033333333334,376.0362068965517,232.54333333333335
2021-11-21,0,33.812,1.650344827586207,10.705333333333334,60.592666666666666,315.2937931034483,194.69433333333333
2021-11-22,0,36.164,1.245,11.58,50.69533333333333,280.38310344827585,143.96733333333336
2021-11-23,0,32.299,1.8276666666666666,12.387333333333334,57.76620689655172,298.518275862069,156.75433333333334
2021-11-24,0,32.166666666666664,2.778275862068966,13.431333333333333,86.894,411.8786206896552,240.28400000000002
2021-11-25,0,37.335,2.6173333333333333,12.234333333333334,77.03099999999999,441.2937931034483,276.0736666666667
2021-11-26,0,35.21566666666667,3.0082758620689654,14.619,85.10533333333333,468.3710714285714,289.4658620689655
2021-11-27,0,37.424,2.923793103448276,11.973666666666666,72.84866666666667,429.86499999999995,268.40749999999997
2021-11-28,0,37.205333333333336,2.4562068965517243,12.420666666666667,59.47933333333334,439.1607142857143,289.6610344827586
2021-11-29,0,26.69206896551724,2.274642857142857,12.08344827586207,61.83758620689655,361.79714285714283,225.83689655172415
2021-11-30,0,28.450333333333333,1.7744827586206897,10.741666666666667,57.00333333333333,323.07965517241377,184.08599999999998
2021-12-01,0,14.007333333333332,2.036,10.460333333333333,81.914,436.5137931034483,266.3693333333333
2021-12-02,0,10.692666666666668,1.7166666666666666,9.406333333333333,60.434666666666665,397.57931034482755,278.3523333333333
2021-12-03,0,18.191666666666666,1.8676666666666668,9.25,55.25266666666666,323.06068965517244,214.86599999999999
2021-12-04,0,23.012333333333334,2.1726666666666667,10.683666666666666,53.36933333333333,301.408275862069,182.32633333333334
2021-12-05,0,27.710689655172413,2.521333333333333,12.861666666666668,63.63166666666667,315.9855172413793,194.101
2021-12-06,0,22.166333333333334,1.5626666666666666,11.562666666666667,51.397666666666666,244.26266666666666,149.864
2021-12-07,0,19.934,1.3479999999999999,9.546333333333333,47.53551724137931,208.41833333333335,115.39466666666667
2021-12-08,0,23.621,1.5453333333333332,12.425517241379312,52.08896551724138,222.51366666666667,122.123
2021-12-09,0,21.130666666666666,1.774,11.180333333333332,60.08931034482758,288.839,168.601
2021-12-10,0,22.055,1.4966666666666666,10.359333333333332,58.77655172413793,262.6446666666667,157.93866666666665
2021-12-11,0,25.067999999999998,1.5336666666666665,10.723333333333333,56.08678571428572,226.03033333333332,129.02066666666667
2021-12-12,0,23.648333333333333,2.0825,10.705333333333334,62.12357142857143,257.17633333333333,152.95166666666668
2021-12-13,0,23.44333333333333,2.7976666666666667,12.274000000000001,64.21357142857143,349.3,221.59133333333332
2021-12-14,0,28.01066666666667,2.602,12.286333333333333,63.59321428571428,374.95533333333333,245.315
2021-12-15,0,25.710666666666665,1.8889655172413793,11.620000000000001,58.683928571428574,314.06965517241383,205.51333333333332
2021-12-16,0,23.771666666666665,1.627,12.009666666666666,66.73392857142856,353.8962068965517,234.882
2021-12-17,0,31.892333333333333,1.2193333333333334,12.648620689655173,50.80607142857143,254.67275862068965,160.88433333333333
2021-12-18,0,24.566333333333333,1.288,8.245666666666667,49.07285714285714,238.90551724137933,148.79500000000002
2021-12-19,0,29.010333333333335,1.3396666666666666,9.526,56.95035714285715,252.1551724137931,154.7086666666667
2021-12-20,0,25.987333333333332,1.8246666666666667,11.969666666666665,65.48464285714286,320.78344827586204,209.42166666666665
2021-12-21,0,23.130333333333333,2.9016666666666664,13.779666666666666,77.66357142857143,461.3327586206896,317.08
2021-12-22,0,20.880666666666666,2.6333333333333333,13.118,81.12964285714285,486.7282758620689,331.952
2021-12-23,0,25.833666666666666,3.058,13.327333333333334,82.92892857142856,545.4275862068965,376.024
2021-12-24,0,21.485333333333333,2.416333333333333,10.251,67.86107142857144,464.8503448275862,315.7873333333334
2021-12-25,0,25.220333333333333,2.8706666666666667,12.008999999999999,73.22821428571429,538.6596551724137,388.9316666666667
2021-12-26,0,17.482666666666667,2.3406896551724135,9.911,65.57178571428571,524.6172413793104,392.771
2021-12-27,0,20.73166666666667,1.4903448275862068,9.640666666666668,47.53642857142857,201.0455172413793,128.89633333333333
2021-12-28,0,9.216000000000001,1.5251724137931033,9.347666666666667,58.46821428571428,242.80333333333334,161.94666666666666
2021-12-29,0,15.834666666666667,1.6171428571428572,9.242333333333333,45.89892857142858,239.0186666666667,145.42566666666664
2021-12-30,0,18.843666666666664,1.6527586206896552,11.151,50.691428571428574,298.00966666666665,175.51566666666668
2021-12-31,0,17.866,1.6186206896551723,10.085666666666667,54.92142857142857,319.714,194.58666666666667
2022-01-01,0,21.663999999999998,2.0236666666666667,10.265666666666668,56.894999999999996,368.75600000000003,255.35966666666667
2022-01-02,0,22.028000000000002,1.93,10.996,58.94,393.166,280.24833333333333
2022-01-03,0,23.482333333333333,1.9789999999999999,10.308333333333334,61.63857142857143,391.7536666666667,263.16299999999995
2022-01-04,0,19.266000000000002,2.011,11.614,63.592499999999994,364.9146666666667,231.78400000000002
2022-01-05,0,15.767,2.037333333333333,9.055,59.278214285714284,384.07933333333335,291.45
2022-01-06,0,17.119666666666667,1.216,8.02,38.3025,159.83066666666667,112.68566666666668
2022-01-07,0,19.287666666666667,1.0076666666666667,7.918,31.461428571428574,113.52766666666666,73.235
2022-01-08,0,19.694000000000003,0.8676666666666667,7.352333333333333,27.752857142857145,66.372,48.33133333333333
2022-01-09,0,16.208620689655174,0.8372413793103448,6.816666666666666,23.91142857142857,65.08766666666666,46.19533333333333
2022-01-10,0,20.820689655172412,1.2036666666666667,9.319333333333333,35.25928571428572,147.58433333333332,96.02633333333333
2022-01-11,0,21.96966666666667,1.0973333333333335,7.639333333333334,33.69413793103448,154.31,99.596
2022-01-12,0,21.409666666666666,1.367,8.996333333333332,37.866551724137935,194.598,117.57333333333332
2022-01-13,0,19.019333333333336,1.93,9.220666666666666,52.01827586206896,321.495,212.04500000000002
2022-01-14,0,13.943666666666667,1.6244827586206896,9.528666666666668,42.43482758620689,307.097,198.87137931034485
2022-01-15,0,17.216206896551725,1.003103448275862,6.742758620689655,29.065862068965515,199.75862068965517,130.26275862068965
2022-01-16,0,19.342413793103447,1.2341379310344827,7.267931034482759,31.368275862068963,223.00620689655173,149.17137931034483
2022-01-17,0,17.727931034482758,1.3848275862068966,8.105357142857143,42.55137931034483,301.70862068965516,188.8396551724138
2022-01-18,0,16.315357142857142,1.3053571428571427,7.451481481481482,37.090357142857144,310.6360714285714,193.91214285714287
2022-01-19,0,20.19206896551724,1.5848275862068966,8.506428571428572,42.90464285714285,332.04275862068965,200.24758620689656
2022-01-20,0,15.520689655172415,1.8082758620689654,10.808214285714286,43.89793103448276,404.63689655172413,256.8093103448276
2022-01-21,0,22.319000000000003,1.8526666666666667,9.784827586206896,46.955000000000005,332.85999999999996,214.16333333333333
2022-01-22,0,19.693103448275863,1.186,8.066896551724138,35.16466666666667,187.16133333333335,138.89866666666666
2022-01-23,0,16.740333333333336,1.3853333333333333,8.47551724137931,28.720666666666666,162.83766666666668,119.93933333333332
2022-01-24,0,12.270000000000001,1.5450000000000002,8.192666666666666,37.477,208.88766666666666,128.73833333333334
2022-01-25,0,9.960666666666667,1.5736666666666668,7.858333333333333,33.96,228.66600000000003,132.32766666666666
2022-01-26,0,16.923666666666666,1.3619999999999999,8.500666666666667,34.32344827586207,227.08633333333333,141.42666666666668
2022-01-27,0,21.362333333333332,1.2483333333333335,8.120333333333333,44.028666666666666,220.228,132.74699999999999
2022-01-28,0,27.214666666666666,1.2506666666666668,9.063666666666668,45.84166666666667,218.39833333333334,120.98299999999999
2022-01-29,0,27.051666666666666,1.4396666666666667,8.977666666666666,53.264482758620694,245.63133333333334,134.35366666666667
2022-01-30,0,33.51233333333333,1.2483333333333335,9.969655172413793,49.71655172413793,248.60666666666665,153.03833333333333
2022-01-31,0,20.122666666666664,1.8710344827586207,9.560666666666666,55.15241379310345,352.4348275862069,228.527
2022-02-01,0,22.246,1.8233333333333333,8.947000000000001,48.11034482758621,317.98793103448276,213.288
2022-02-02,0,37.882666666666665,1.175,9.556666666666667,45.861724137931034,265.14310344827584,170.248
2022-02-03,0,22.41433333333333,1.2083333333333333,9.514000000000001,35.90827586206896,206.83655172413793,150.74166666666667
2022-02-04,0,21.181,1.2383333333333333,8.757,33.909666666666666,112.73333333333333,65.62933333333334
2022-02-05,0,18.848333333333336,1.8150000000000002,10.115333333333332,47.074333333333335,227.14066666666668,136.83566666666667
2022-02-06,0,25.03533333333333,2.172758620689655,10.881,58.56033333333333,291.41633333333334,172.97166666666666
2022-02-07,0,27.624000000000002,1.5916666666666666,9.770000000000001,57.67933333333333,261.63100000000003,129.24200000000002
2022-02-08,0,28.063333333333333,1.8153333333333335,10.228620689655171,56.415,307.49533333333335,155.623
2022-02-09,0,24.426,1.2006666666666668,9.412413793103447,41.75,179.5366666666667,97.94699999999999
2022-02-10,0,23.468666666666664,1.125,8.508965517241379,42.61366666666667,188.08566666666667,83.97166666666666
2022-02-11,0,30.389333333333333,1.0719999999999998,9.648620689655173,45.791000000000004,199.53733333333332,89.24833333333332
2022-02-12,0,30.570333333333334,1.2463333333333333,9.943999999999999,49.68033333333334,207.05633333333333,94.60866666666668
2022-02-13,0,30.651724137931033,1.7824137931034483,9.895714285714286,58.0903448275862,280.4913793103448,136.04551724137932
2022-02-14,0,32.28206896551724,1.7848275862068965,9.274642857142856,55.73793103448276,270.09,123.22344827586207
2022-02-15,0,29.285,1.662,9.998620689655171,60.45366666666667,255.68966666666665,110.39899999999999
2022-02-16,0,30.828666666666667,1.7363333333333335,11.29206896551724,64.39241379310346,302.6363333333333,148.66933333333333
2022-02-17,0,27.592333333333332,1.4833333333333334,10.802999999999999,57.43310344827586,241.60733333333334,119.36133333333333
2022-02-18,0,27.212333333333333,1.4886666666666666,9.969666666666665,54.96137931034483,256.76666666666665,120.11166666666666
2022-02-19,0,29.81607142857143,1.0465517241379312,10.138275862068966,49.489285714285714,196.92896551724135,86.97586206896553
2022-02-20,0,39.98896551724138,0.9540000000000001,10.096333333333332,42.7651724137931,179.69733333333335,83.49033333333334
2022-02-21,0,28.863999999999997,1.349,10.539333333333333,50.48275862068966,229.94099999999997,84.03033333333333
2022-02-22,0,45.022666666666666,1.1039999999999999,12.411724137931035,46.26931034482759,288.6046666666667,102.23233333333333
2022-02-23,0,37.931000000000004,1.3026666666666666,10.114,37.817241379310346,216.87333333333333,117.403
2022-02-24,0,33.052,1.4306666666666668,11.346666666666666,51.0103448275862,302.775,158.85833333333332
2022-02-25,0,33.934333333333335,1.1996666666666667,10.005333333333333,47.65689655172414,263.623,132.85633333333334
2022-02-26,0,34.964333333333336,0.7899999999999999,9.315333333333333,29.688275862068966,74.148,27.543666666666663
2022-02-27,0,28.846,0.8523333333333334,9.762,33.36034482758621,100.40566666666668,45.28033333333334
2022-02-28,0,33.451,0.9883333333333333,10.702758620689655,38.7648275862069,121.37599999999999,48.67633333333333
2022-03-01,0,35.080000000000005,1.1546666666666667,10.669666666666668,46.282758620689656,180.88166666666666,88.907
2022-03-02,0,30.453666666666667,1.474,11.228333333333333,51.17448275862069,229.023,109.75633333333333
2022-03-03,0,32.720666666666666,1.1406666666666667,12.065,49.73142857142857,198.76366666666667,86.9955172413793
2022-03-04,0,29.839666666666666,0.983,10.751666666666667,36.09321428571429,165.14633333333333,81.30133333333333
2022-03-05,0,35.33433333333333,1.0003333333333333,10.730344827586206,36.85035714285714,130.04866666666666,60.378
2022-03-06,0,36.951034482758615,1.333793103448276,14.36,51.18769230769231,191.73793103448276,91.00724137931034
2022-03-07,0,40.349000000000004,1.7710344827586206,15.18551724137931,61.07142857142857,290.4596666666667,129.95666666666665
2022-03-08,0,28.232000000000003,1.3673333333333335,13.94103448275862,54.66655172413793,264.1936666666667,127.20433333333334
2022-03-09,0,24.728333333333335,1.093,14.861724137931034,44.73758620689655,183.006,72.62866666666667
2022-03-10,0,31.446666666666665,1.0130000000000001,14.428,40.13033333333333,169.2756666666667,66.88566666666667
2022-03-11,0,32.11666666666667,1.079,14.891666666666667,42.691,186.75799999999998,80.21666666666667
2022-03-12,0,34.13833333333333,1.2293333333333334,15.622333333333334,43.73466666666666,188.39066666666668,77.01700000000001
2022-03-13,0,36.128,1.3043333333333333,17.651666666666664,48.13933333333333,224.35566666666668,94.19933333333333
2022-03-14,0,39.378,1.4573333333333334,16.909,48.64666666666667,271.45799999999997,123.04666666666667
2022-03-15,0,32.778666666666666,1.4126666666666665,16.131333333333334,47.425,259.887,119.037
2022-03-16,0,31.792333333333332,1.1553333333333333,13.942666666666666,37.91866666666667,232.01766666666666,96.24966666666666
2022-03-17,0,38.97033333333333,1.4506666666666668,18.292333333333332,45.702999999999996,259.3306666666667,123.73533333333333
2022-03-18,0,35.07633333333333,1.4166666666666667,13.264000000000001,33.745862068965515,242.70733333333334,143.37266666666667
2022-03-19,0,38.38866666666667,1.4143333333333332,13.156333333333333,42.510666666666665,217.31166666666667,107.93733333333333
2022-03-20,0,36.17866666666667,1.4473333333333334,15.350666666666665,51.76933333333333,243.21633333333332,105.098
2022-03-21,0,37.32166666666667,1.3683333333333332,16.058,49.72,292.78566666666666,135.16666666666666
2022-03-22,0,42.598333333333336,1.035,15.491666666666667,34.162000000000006,207.27133333333333,82.11833333333334
2022-03-23,0,35.50966666666667,1.4229999999999998,17.842666666666666,48.318,267.32533333333333,105.61033333333333
2022-03-24,0,28.640333333333334,1.525,16.56551724137931,50.598,326.286,119.6
2022-03-25,0,30.966,1.0943333333333334,15.835333333333333,40.963,238.196,91.172
2022-03-26,0,36.739333333333335,1.0376666666666667,19.205,38.46,253.5656666666667,87.645
2022-03-27,0,38.483,1.3658620689655172,18.35033333333333,44.57793103448276,258.76933333333335,93.66206896551724
2022-03-28,0,33.031,1.7672413793103448,17.78933333333333,57.95965517241379,309.7146666666667,106.14133333333332
2022-03-29,0,31.593666666666667,1.5846666666666667,22.21333333333333,51.04533333333333,325.4,122.71533333333333
2022-03-30,0,37.760666666666665,1.824,24.900666666666666,58.99366666666666,342.4433333333333,129.60133333333334
2022-03-31,0,46.72266666666667,1.7243333333333335,23.35,65.583,355.2943333333333,143.86366666666666
2022-04-01,0,50.05,1.101,18.398666666666667,43.9051724137931,223.243,78.51666666666667
2022-04-02,0,47.23266666666667,1.4476666666666667,21.218666666666664,62.01233333333333,282.9846666666666,108.066
2022-04-03,0,46.809999999999995,1.4136666666666666,19.238,53.754482758620696,279.10266666666666,106.46033333333334
2022-04-04,0,41.44533333333333,1.2376666666666667,22.144333333333336,52.999,304.58233333333334,112.119
2022-04-05,0,39.35766666666667,1.3603333333333334,22.146,55.565000000000005,271.807,104.861
2022-04-06,0,37.193333333333335,1.5746666666666667,24.78033333333333,58.177,308.019,119.73433333333334
2022-04-07,0,39.17433333333334,1.544,26.154666666666667,62.41068965517242,319.14033333333333,130.28033333333332
2022-04-08,0,37.938,1.5113333333333332,25.733,62.58133333333333,297.27833333333336,118.387
2022-04-09,0,38.25633333333334,1.6416666666666666,23.983333333333334,59.18066666666667,312.0146666666667,115.834
2022-04-10,0,42.683793103448274,1.286,25.499333333333333,51.824,310.55533333333335,114.02233333333334
2022-04-11,0,39.61033333333333,1.4833333333333334,25.838666666666665,59.47533333333333,311.11566666666664,121.13366666666666
2022-04-12,0,28.366333333333333,1.5090000000000001,19.838275862068965,57.78633333333334,285.07533333333333,98.91799999999999
2022-04-13,0,29.348333333333336,1.5446666666666669,16.562666666666665,58.867,359.95366666666666,118.377
2022-04-14,0,50.205666666666666,0.9503333333333334,15.266666666666667,34.094,344.153,78.85100000000001
2022-04-15,0,51.39433333333333,1.1873333333333334,16.926666666666666,44.41833333333333,239.66310344827585,72.59965517241379
2022-04-16,0,49.169999999999995,1.5386666666666666,20.734333333333332,54.635999999999996,305.1333333333333,103.92433333333334
2022-04-17,0,44.19133333333333,1.532,19.802758620689655,60.274,294.1143333333333,112.79033333333334
2022-04-18,0,40.97033333333333,1.8816666666666668,19.298965517241378,68.365,313.955,113.66103448275862
2022-04-19,0,37.376666666666665,1.4929999999999999,22.46103448275862,57.64066666666667,389.1756666666667,137.36433333333335
2022-04-20,0,37.056333333333335,1.1433333333333333,21.041666666666668,49.108666666666664,310.72099999999995,98.93566666666668
2022-04-21,0,22.238333333333333,1.1706666666666665,17.983793103448274,46.489333333333335,378.3043333333333,108.114
2022-04-22,0,49.489000000000004,1.1433333333333333,15.432,47.31066666666666,237.25666666666666,67.77066666666666
2022-04-23,0,47.22933333333333,1.3493333333333333,18.741333333333333,57.85033333333333,298.504,115.89533333333334
2022-04-24,0,58.599666666666664,1.04,21.351999999999997,49.048,323.306,126.24566666666666
2022-04-25,0,61.85166666666667,0.9873333333333334,18.423,37.975,306.38366666666667,104.79666666666667
2022-04-26,0,45.34666666666667,1.4066666666666667,16.177,52.143,246.69133333333332,85.93
2022-04-27,0,46.33833333333334,1.8123333333333334,23.941,66.03533333333333,342.9403333333333,163.68866666666665
2022-04-28,0,39.04,1.7823333333333333,22.888666666666666,71.04033333333334,370.5566666666667,169.92233333333334
2022-04-29,0,37.117,1.5486666666666666,22.408333333333335,57.193333333333335,368.25766666666664,157.8156666666667
2022-04-30,0,37.869,1.57,22.865333333333336,55.559666666666665,303.77166666666665,129.14466666666667
2022-05-01,0,46.45033333333333,1.3913333333333333,13.732666666666667,35.32035714285714,316.5206666666666,93.012
2022-05-02,0,52.60166666666667,1.3073333333333332,12.568620689655173,28.775000000000002,265.169,75.82
2022-05-03,0,51.047931034482765,1.2255172413793103,13.985862068965519,32.03285714285714,332.48931034482763,102.04724137931034
2022-05-04,0,40.99633333333334,1.199,12.562333333333333,33.477,225.01333333333332,75.00633333333333
2022-05-05,0,43.669666666666664,1.371,14.049333333333333,51.879,190.24633333333335,74.999
2022-05-06,0,41.71366666666666,1.4193333333333333,14.776,51.26199999999999,305.452,123.13366666666666
2022-05-07,0,47.749,1.6626666666666667,15.722666666666667,51.67666666666666,253.58066666666667,91.30666666666666
2022-05-08,0,61.33931034482758,1.3531034482758622,13.51448275862069,34.31655172413793,217.58999999999997,86.89275862068965
2022-05-09,0,65.384,1.2486666666666666,11.797666666666666,25.985,171.839,67.91266666666667
2022-05-10,0,56.28633333333333,1.2346666666666666,11.723,26.303,167.05866666666668,66.274
2022-05-11,0,60.778,1.2033333333333334,12.196,28.567666666666664,169.118,63.21566666666667
2022-05-12,0,61.54366666666667,1.2313333333333332,11.487,33.221333333333334,181.391,67.89033333333333
2022-05-13,0,56.22366666666667,1.5256666666666667,12.883333333333333,37.13366666666666,221.5283333333333,76.94633333333333
2022-05-14,0,45.973333333333336,1.7327586206896552,16.523999999999997,57.892,298.3926666666667,110.756
2022-05-15,0,37.008,1.6873333333333334,17.69448275862069,57.47633333333333,302.1136666666667,101.09133333333332
2022-05-16,0,37.716,1.0873333333333333,12.459310344827585,35.001999999999995,406.5383333333333,89.30766666666666
2022-05-17,0,58.39533333333333,1.1826666666666665,15.350344827586207,35.39433333333333,246.068,68.90733333333333
2022-05-18,0,53.50466666666667,1.22,15.392758620689655,37.88866666666667,256.16,76.29066666666667
2022-05-19,0,52.431333333333335,1.3493333333333333,17.58103448275862,45.27333333333333,268.8353333333333,87.04166666666667
2022-05-20,0,44.050333333333334,1.1593333333333333,15.841379310344827,43.751666666666665,333.8103333333333,96.11333333333333
2022-05-21,0,43.580000000000005,0.9003333333333334,10.730666666666668,31.237333333333332,335.794,76.15866666666668
2022-05-22,0,58.65833333333333,0.9896666666666667,13.623666666666667,34.717333333333336,197.11333333333332,65.40066666666667
2022-05-23,0,47.121,0.9353333333333335,10.424000000000001,22.654666666666667,105.37172413793104,30.888275862068966
2022-05-24,0,43.751999999999995,1.105,9.592,29.820666666666668,88.39413793103448,38.60733333333334
2022-05-25,0,47.720666666666666,1.242,10.184,38.25866666666666,175.18137931034482,99.04724137931034
2022-05-26,0,57.46066666666666,1.332,12.601379310344827,44.86666666666667,211.9406896551724,97.14551724137931
2022-05-27,0,39.55733333333333,1.068,11.664137931034482,41.21933333333333,231.36166666666668,88.57310344827586
2022-05-28,0,36.333999999999996,1.1053333333333333,11.223793103448276,35.580666666666666,348.136,76.50482758620689
2022-05-29,0,43.178666666666665,0.9620689655172413,11.57642857142857,30.615666666666666,272.3572413793103,73.20586206896552
2022-05-30,0,41.94666666666667,1.1924137931034482,10.380344827586207,35.259,205.314,65.0806896551724
2022-05-31,0,47.038000000000004,1.5479999999999998,12.23,49.535999999999994,333.89566666666667,98.66827586206897
2022-06-01,0,42.79933333333334,1.236,11.709999999999999,49.23466666666666,314.576,96.56333333333333
2022-06-02,0,38.24166666666667,1.213666666666667,13.312758620689655,46.510999999999996,262.01366666666667,76.607
2022-06-03,0,47.18033333333334,1.3963333333333334,14.681034482758621,52.67366666666667,287.5353333333333,92.13033333333333
2022-06-04,0,46.432,1.5710000000000002,13.828666666666667,58.94733333333333,274.197,83.74033333333334
2022-06-05,0,36.39172413793103,1.0226666666666666,10.379,41.967333333333336,265.2760714285714,60.74071428571428
2022-06-06,0,47.65965517241379,1.065,11.008999999999999,48.65833333333333,230.34433333333334,54.265
2022-06-07,0,33.98827586206897,0.9313793103448277,10.910689655172412,41.67620689655172,393.45392857142855,85.5855172413793
2022-06-08,0,30.581,0.947,10.709333333333332,35.17266666666667,374.29275862068965,76.65633333333334
2022-06-09,0,35.07166666666667,1.0251724137931035,10.178333333333335,39.376999999999995,291.069,62.298
2022-06-10,0,25.875666666666667,0.981,10.084333333333332,36.98107142857143,356.61066666666665,74.74533333333333
2022-06-11,0,28.672666666666665,0.8816666666666666,10.85,32.00678571428571,312.89966666666663,69.99633333333333
2022-06-12,0,34.72586206896552,0.967,11.349,33.88892857142857,295.1193333333333,75.113
2022-06-13,0,35.64333333333333,0.8616666666666667,8.690666666666667,27.566785714285714,235.925,50.24166666666667
2022-06-14,0,33.05866666666667,0.8026666666666668,9.184666666666667,22.708214285714288,252.81366666666665,55.626
2022-06-15,0,35.1,0.824,7.359666666666667,21.288275862068964,141.76333333333332,34.942
2022-06-16,0,41.736,0.8766666666666667,7.939000000000001,25.490000000000002,131.81866666666667,33.534666666666666
2022-06-17,0,27.029,0.936,6.5360000000000005,28.854137931034483,83.67566666666667,28.752333333333333
2022-06-18,0,27.6,0.9410000000000001,7.893,24.203793103448273,75.58200000000001,34.92966666666667
2022-06-19,0,23.951999999999998,0.8786206896551725,8.375862068965517,26.16689655172414,109.46433333333333,43.967666666666666
2022-06-20,0,32.16566666666667,0.9686666666666667,9.491333333333333,30.563793103448276,143.42333333333332,57.321000000000005
2022-06-21,0,29.09333333333333,1.019,9.864333333333333,34.818275862068965,131.62166666666667,46.035999999999994
2022-06-22,0,39.09533333333333,0.9420000000000001,10.137333333333334,28.023448275862066,157.94633333333334,52.58633333333333
2022-06-23,0,42.63066666666667,0.9323333333333333,10.038,29.477931034482758,187.97766666666666,57.71933333333333
2022-06-24,0,48.54266666666667,1.019,12.687666666666667,35.95655172413793,231.45533333333333,73.95599999999999
2022-06-25,0,50.90133333333333,1.2426666666666668,15.149666666666667,45.07551724137931,262.19666666666666,80.87566666666666
2022-06-26,0,38.638333333333335,0.993,10.871724137931034,26.076206896551724,171.59,65.74833333333333
2022-06-27,0,37.315333333333335,0.9676666666666667,9.874137931034484,22.233571428571427,135.41966666666667,55.402
2022-06-28,0,37.306666666666665,1.097,9.647333333333334,23.985862068965517,171.968,75.94133333333333
2022-06-29,0,42.08413793103448,1.007241379310345,9.725999999999999,22.88344827586207,179.55966666666666,62.50333333333333
2022-06-30,0,19.79344827586207,1.0636666666666668,9.312333333333333,26.283666666666665,75.46466666666667,39.79766666666667
2022-07-01,0,22.638620689655173,1.0743333333333331,8.596666666666666,27.009666666666664,69.99266666666668,37.63
2022-07-02,0,30.282333333333334,1.009,9.914333333333333,24.895,102.06433333333332,44.28066666666667
2022-07-03,0,28.572333333333333,1.1036666666666666,9.231333333333334,23.871,68.44699999999999,31.60666666666667
2022-07-04,0,34.13966666666667,1.2583333333333333,9.098,33.681333333333335,138.60566666666668,66.70896551724138
2022-07-05,0,31.112333333333332,1.1073333333333333,7.741333333333333,28.25766666666667,138.02666666666667,67.61896551724138
2022-07-06,0,32.97933333333334,0.969,9.377333333333333,22.20266666666667,113.36666666666666,51.85466666666667
2022-07-07,0,31.847666666666665,0.9186666666666666,10.629,21.913333333333334,102.04400000000001,40.50533333333333
2022-07-08,0,36.632666666666665,0.9656666666666667,10.262666666666666,25.332,102.43733333333333,38.010666666666665
2022-07-09,0,27.465333333333334,0.9203333333333333,10.718666666666667,24.192333333333334,110.12433333333334,41.699
2022-07-10,0,30.402333333333335,0.9,10.033999999999999,21.283793103448275,80.29066666666667,33.74333333333333
2022-07-11,0,36.290333333333336,1.1973333333333334,9.904666666666666,30.461333333333336,102.70433333333334,46.939
2022-07-12,0,31.232666666666667,1.1873333333333334,9.296,30.72533333333333,94.11866666666667,41.721000000000004
2022-07-13,0,29.601,1.1083333333333334,9.677666666666665,25.535666666666668,87.806,34.599333333333334
2022-07-14,0,27.19066666666667,0.9760000000000001,9.348666666666668,25.790000000000003,95.97533333333334,31.515666666666668
2022-07-15,0,31.79366666666667,0.9116666666666667,8.860999999999999,20.948,84.73933333333333,25.541333333333334
2022-07-16,0,25.34448275862069,1.032,10.35,25.48033333333333,61.346000000000004,24.498333333333335
2022-07-17,0,31.49206896551724,0.9309999999999999,8.522333333333332,21.575666666666667,62.01379310344828,28.948333333333334
2022-07-18,0,33.17766666666667,1.0616666666666668,8.988666666666665,24.73966666666667,107.74966666666666,44.071333333333335
2022-07-19,0,31.854333333333333,1.218,9.037666666666667,33.35448275862069,114.52633333333333,43.803
2022-07-20,0,20.682333333333336,1.162,8.515,27.60892857142857,80.333,34.57333333333334
2022-07-21,0,33.10766666666667,1.1973333333333334,8.824000000000002,28.525714285714287,98.343,46.36666666666667
2022-07-22,0,26.809666666666665,1.3333333333333333,9.594666666666665,28.392142857142858,109.74600000000001,58.678999999999995
2022-07-23,0,26.578333333333333,1.1030000000000002,9.218666666666667,19.606428571428573,64.99,30.215
2022-07-24,0,26.681666666666665,1.059,8.698666666666666,17.81642857142857,59.27033333333334,24.84333333333333
2022-07-25,0,29.383333333333333,0.9620689655172413,8.699666666666667,17.323214285714286,57.88066666666667,24.491
2022-07-26,0,26.239310344827587,0.9231034482758621,9.99448275862069,18.167407407407406,62.43724137931035,28.42310344827586
2022-07-27,0,25.856,0.9516666666666667,8.947666666666667,19.326785714285712,71.00866666666667,31.598666666666666
2022-07-28,0,20.703333333333333,0.9231034482758621,8.096,22.212857142857143,57.279666666666664,22.044666666666668
2022-07-29,0,18.472666666666665,1.0773333333333333,8.06,20.63214285714286,56.13933333333333,19.06433333333333
2022-07-30,0,18.456000000000003,1.0196666666666667,7.874333333333333,21.31964285714286,60.538333333333334,21.687666666666665
2022-07-31,0,20.649333333333335,0.9553333333333334,7.543333333333334,20.94107142857143,63.275,24.101034482758624
2022-08-01,0,21.687666666666665,0.9663333333333333,8.063,20.438620689655174,75.95766666666667,24.896
2022-08-02,0,27.18933333333333,1.123,8.345666666666666,21.822758620689655,106.23566666666667,33.317
2022-08-03,0,27.124666666666666,1.1576666666666666,7.900333333333333,31.002068965517243,134.777,49.93666666666666
2022-08-04,0,25.880666666666666,0.9513333333333333,8.874,23.953793103448273,101.55033333333333,48.65833333333333
2022-08-05,0,20.231034482758623,1.1343333333333334,8.904666666666666,22.737241379310344,74.08200000000001,40.223
2022-08-06,0,28.23965517241379,1.099,8.625333333333334,26.342413793103447,107.29666666666667,53.63933333333333
2022-08-07,0,21.217,1.0473333333333334,7.412413793103449,24.990000000000002,96.961,48.666000000000004
2022-08-08,0,34.474333333333334,1.1483333333333334,9.153666666666668,26.12448275862069,103.27333333333333,45.95466666666667
2022-08-09,0,27.533333333333335,1.0533333333333335,9.715,23.95344827586207,107.35566666666666,42.42433333333334
2022-08-10,0,29.23933333333333,0.8943333333333334,10.334,23.124666666666666,87.77366666666667,26.887
2022-08-11,0,24.492666666666665,0.8066666666666666,10.035666666666666,20.634666666666664,60.88333333333333,16.247
2022-08-12,0,27.121333333333332,0.8046666666666666,9.480666666666668,20.393666666666665,67.15166666666667,19.608666666666668
2022-08-13,0,28.189,0.9540000000000001,9.441666666666666,22.066,67.84366666666666,27.728666666666665
2022-08-14,0,23.288620689655172,0.8703333333333333,9.045,23.083666666666666,64.17866666666666,27.186
2022-08-15,0,23.410714285714285,0.8306896551724138,9.286206896551725,16.861034482758622,46.721034482758625,18.36793103448276
2022-08-16,0,24.408,0.751,9.56655172413793,18.711000000000002,54.257666666666665,15.368
2022-08-17,0,23.075,0.7916666666666666,9.370666666666667,20.466666666666665,42.05333333333333,13.176896551724138
2022-08-18,0,27.311333333333334,0.831,9.574,22.56833333333333,68.98233333333334,20.247666666666664
2022-08-19,0,26.970666666666666,0.7366666666666667,9.899000000000001,18.616333333333333,66.78633333333333,18.631666666666668
2022-08-20,0,24.579666666666665,0.9443333333333332,9.912666666666667,25.461666666666666,94.15,32.46366666666667
2022-08-21,0,26.646,0.8989999999999999,9.559310344827587,23.43166666666667,123.03666666666666,47.96066666666666
2022-08-22,0,27.515,0.7993333333333333,9.758999999999999,20.626666666666665,101.99933333333334,36.65233333333333
2022-08-23,0,30.154999999999998,0.6943333333333334,9.487333333333334,18.981333333333332,73.181,25.692333333333334
2022-08-24,0,24.442666666666664,0.8390000000000001,8.511333333333333,21.878333333333334,61.342999999999996,22.641666666666666
2022-08-25,0,37.281666666666666,0.8943333333333334,7.628666666666666,25.622333333333334,108.74266666666666,37.398
2022-08-26,0,27.19,0.8233333333333334,7.6160000000000005,21.364333333333335,111.911,35.597
2022-08-27,0,26.320344827586204,0.7523333333333333,7.2459999999999996,19.267999999999997,112.66137931034483,32.40896551724138
2022-08-28,0,26.341,0.7989999999999999,7.043666666666667,20.595333333333333,146.47733333333332,37.427
2022-08-29,0,34.85366666666666,0.779,7.577,22.78666666666667,146.817,41.47233333333334
2022-08-30,0,29.521333333333335,0.946896551724138,7.6850000000000005,32.553666666666665,135.56333333333333,49.24933333333333
2022-08-31,0,31.309,0.9226666666666666,7.164666666666666,25.57,131.00533333333334,43.25966666666667
2022-09-01,0,34.660666666666664,0.8996666666666667,6.296,28.162758620689655,131.93866666666665,44.501999999999995
2022-09-02,0,29.628666666666668,1.0846666666666667,7.525,36.29827586206897,129.787,46.18033333333334
2022-09-03,0,25.775333333333332,0.7710344827586206,7.501333333333333,25.029310344827586,121.52333333333334,32.876333333333335
2022-09-04,0,29.440333333333335,0.7289655172413794,6.6946666666666665,22.740344827586206,99.09766666666665,25.737333333333332
2022-09-05,0,31.723333333333336,0.7796428571428572,6.333666666666667,26.220689655172414,102.157,26.214333333333336
2022-09-06,0,30.067333333333334,0.8578571428571429,6.8116666666666665,27.75448275862069,133.583,40.50666666666667
2022-09-07,0,36.644666666666666,0.8589655172413793,9.120000000000001,30.167241379310347,137.55200000000002,48.20066666666666
2022-09-08,0,42.91733333333333,0.8941379310344828,8.972666666666667,28.932413793103446,158.107,64.91066666666667
2022-09-09,0,38.712333333333326,0.853448275862069,6.983333333333333,24.872758620689652,130.46333333333334,60.64433333333333
2022-09-10,0,32.57066666666667,0.8179310344827586,6.779333333333333,23.57448275862069,105.50133333333333,50.79933333333334
2022-09-11,0,34.20033333333333,0.7986206896551724,7.563666666666666,21.83206896551724,84.93633333333334,31.748
2022-09-12,0,31.311666666666667,0.7979310344827586,8.577333333333334,21.40655172413793,81.05866666666665,26.572333333333333
2022-09-13,0,25.26966666666667,0.7125,7.748,21.725862068965515,67.26966666666667,20.758
2022-09-14,0,23.90266666666667,0.6892857142857143,7.634666666666666,19.338620689655173,61.436,18.233666666666668
2022-09-15,0,22.323793103448274,0.657037037037037,7.3582758620689654,17.64185185185185,40.10137931034483,16.23107142857143
2022-09-16,0,18.09344827586207,0.8344444444444444,6.850689655172413,20.548928571428572,31.435172413793104,17.0875
2022-09-17,0,25.222758620689657,0.7755555555555556,7.392413793103448,23.470357142857143,97.40034482758621,33.91206896551724
2022-09-18,0,32.243448275862065,0.9640740740740741,8.063103448275863,27.794999999999998,137.95344827586206,47.957931034482755
2022-09-19,0,27.846,1.102142857142857,7.862666666666667,35.9348275862069,188.71866666666668,72.789
2022-09-20,0,28.227931034482758,1.0744444444444445,8.761724137931035,29.13,122.13,50.102758620689656
2022-09-21,0,21.93689655172414,0.9555555555555556,7.697241379310345,29.760357142857142,102.08214285714287,43.93896551724138
2022-09-22,0,15.6,0.7670370370370371,7.784827586206896,22.920357142857142,51.26827586206896,26.41896551724138
2022-09-23,0,18.53448275862069,0.8276923076923077,6.18448275862069,25.875714285714285,41.4525,27.190344827586205
2022-09-24,0,17.605862068965518,0.7803703703703704,6.723103448275862,22.53,36.791724137931034,23.580000000000002
2022-09-25,0,20.861666666666668,0.9453571428571428,5.968620689655173,26.144482758620686,52.65,21.969310344827587
2022-09-26,0,26.187666666666665,1.1537931034482758,7.15655172413793,30.792758620689657,115.79299999999999,48.26566666666667
2022-09-27,0,23.278666666666666,1.0862068965517242,6.886896551724138,29.699310344827584,123.301,40.94533333333333
2022-09-28,0,27.013333333333332,1.0893103448275863,7.158333333333333,31.817586206896554,165.311,55.48866666666667
2022-09-29,0,29.304666666666666,1.1114814814814815,7.127586206896551,31.454482758620692,169.42933333333335,66.879
2022-09-30,0,29.856666666666666,1.212142857142857,7.766333333333334,36.642413793103444,190.05,81.37933333333334
2022-10-01,0,32.36466666666667,1.2417241379310344,8.262413793103448,37.52862068965517,204.80266666666665,83.445
2022-10-02,0,32.13033333333333,1.0124137931034483,8.134827586206896,35.08344827586207,186.64793103448275,70.74166666666666
2022-10-03,0,31.662,0.8613793103448276,7.325,31.324137931034482,145.25166666666667,44.169
2022-10-04,0,35.050666666666665,1.1975862068965517,9.085,38.81172413793103,170.94966666666667,63.934333333333335
2022-10-05,0,33.553333333333335,1.123793103448276,9.159333333333333,37.87965517241379,193.24066666666667,91.61366666666666
2022-10-06,0,21.614666666666665,0.7068965517241379,8.675999999999998,20.259310344827586,54.907666666666664,17.407
2022-10-07,0,18.338275862068965,0.7721428571428571,7.258620689655173,20.709285714285716,45.254482758620696,16.986206896551725
2022-10-08,0,18.39392857142857,0.6071428571428571,7.062857142857142,21.25777777777778,29.291428571428572,15.4725
2022-10-09,0,20.514827586206895,0.5682142857142857,6.4158620689655175,18.368928571428572,18.014642857142857,9.662413793103447
2022-10-10,0,18.675172413793106,0.5585714285714286,6.767931034482759,21.109285714285715,31.932758620689654,15.391724137931035
2022-10-11,0,25.186666666666667,0.9141379310344827,7.237666666666667,36.52551724137931,87.09033333333333,37.37433333333333
2022-10-12,0,28.462666666666667,0.8044827586206896,6.376333333333333,38.72833333333333,151.334,64.816
2022-10-13,0,31.102333333333334,0.6889655172413793,7.481,36.702666666666666,148.17533333333333,55.47166666666667
2022-10-14,0,35.72633333333333,0.786551724137931,8.516333333333334,41.672333333333334,185.6423333333333,74.115
2022-10-15,0,36.43766666666667,1.1482758620689655,8.955,45.769666666666666,225.982,91.7
2022-10-16,0,34.916000000000004,1.2865517241379312,10.3,50.61566666666667,252.505,107.93866666666666
2022-10-17,0,34.87566666666667,1.3672413793103448,9.908999999999999,59.59166666666667,269.4796666666667,110.86533333333334
2022-10-18,0,31.853,1.5110344827586206,11.082,57.00866666666666,276.26733333333334,112.22633333333333
2022-10-19,0,33.63166666666667,1.8251724137931034,8.826,57.66133333333333,278.0043333333333,104.72266666666665
2022-10-20,0,33.766333333333336,1.6273333333333333,9.17,63.06633333333333,283.4216666666667,114.07600000000001
2022-10-21,0,33.123333333333335,1.591,9.089666666666666,58.26466666666667,288.5286666666667,119.97233333333334
2022-10-22,0,34.154333333333334,1.1893333333333334,8.683666666666666,49.625,275.748,125.14766666666667
2022-10-23,0,37.18033333333334,1.2910344827586206,11.431666666666667,53.599333333333334,263.43666666666667,131.89
2022-10-24,0,41.519,1.1053333333333333,15.558666666666666,46.02466666666667,281.5956666666667,176.16666666666666
2022-10-25,0,39.349000000000004,1.0713333333333332,15.431000000000001,41.80466666666667,274.48833333333334,164.27133333333333
2022-10-26,0,35.41366666666667,1.4576666666666667,10.558620689655172,53.690666666666665,275.86233333333337,145.855
2022-10-27,0,32.46666666666667,2.0256666666666665,10.324827586206897,61.53966666666667,356.70166666666665,198.359
2022-10-28,0,34.029333333333334,2.188,12.045172413793104,71.90799999999999,407.84433333333334,229.76933333333332
2022-10-29,0,30.467333333333332,2.1943333333333332,10.686551724137932,61.239000000000004,413.82300000000004,237.022
2022-10-30,0,29.772666666666666,2.1273333333333335,10.402413793103449,58.00966666666667,393.689,217.717
2022-10-31,0,28.161,2.4983333333333335,11.825172413793103,68.77966666666666,464.384,269.10366666666664
2022-11-01,0,32.34433333333333,2.393103448275862,10.70103448275862,74.48433333333332,443.4026666666667,250.89466666666667
2022-11-02,0,29.632,1.703,9.456896551724139,56.95033333333333,432.17,247.17133333333334
2022-11-03,0,31.248,2.2246666666666663,10.735862068965517,61.498000000000005,600.882,412.74566666666664
2022-11-04,0,33.27733333333334,2.411,11.299655172413793,71.93366666666667,529.2663333333334,331.0176666666667
2022-11-05,0,26.958333333333332,1.4903333333333333,8.384827586206896,47.12566666666667,327.3963333333333,197.99966666666666
2022-11-06,0,30.361666666666668,1.651,9.583793103448276,49.519666666666666,299.53266666666667,179.38241379310347
2022-11-07,0,28.615333333333336,1.8876666666666668,11.073793103448276,56.412000000000006,344.39366666666666,202.1989655172414
2022-11-08,0,25.339,1.636,9.776,49.891666666666666,376.15866666666665,249.1503448275862
2022-11-09,0,29.281333333333336,1.6386666666666665,11.930666666666667,58.910999999999994,221.18233333333333,110.18827586206896
2022-11-10,0,29.276999999999997,1.583,11.25,60.995666666666665,290.915,169.3936666666667
2022-11-11,0,27.810333333333336,1.3303333333333331,10.009666666666668,49.71,339.2076666666666,218.277
2022-11-12,0,34.032666666666664,1.3223333333333334,11.262333333333334,47.56066666666666,301.37233333333336,193.88733333333332
2022-11-13,0,33.136,1.6033333333333333,12.277,48.887241379310346,279.21366666666665,166.3336666666667
2022-11-14,0,36.45633333333333,1.6546666666666667,11.469333333333333,54.38866666666667,271.505,147.18766666666667
2022-11-15,0,26.213666666666665,1.5793333333333335,12.892666666666665,55.190000000000005,220.83633333333333,105.148
2022-11-16,0,29.418999999999997,1.1446666666666667,10.588666666666665,43.75666666666667,216.874,123.252
2022-11-17,0,30.610333333333333,1.2466666666666666,8.994827586206897,42.972,240.59133333333332,144.25766666666667
2022-11-18,0,28.32133333333333,1.4833333333333334,10.161,50.38733333333334,281.13666666666666,164.56633333333332
2022-11-19,0,26.89333333333333,1.742,10.729333333333333,62.217666666666666,287.363,146.587
2022-11-20,0,27.471666666666668,1.3856666666666666,9.757333333333333,58.42733333333333,295.1986666666667,176.57866666666666
2022-11-21,0,27.229666666666667,1.4376666666666666,10.581,53.733,266.18466666666666,148.68866666666665
2022-11-22,0,26.653666666666666,1.285,10.497333333333334,50.824333333333335,233.00133333333332,118.20933333333333
2022-11-23,0,25.379666666666665,1.2593333333333334,10.066333333333334,50.67666666666666,228.432,105.90533333333333
2022-11-24,0,27.402666666666665,1.4289999999999998,10.663666666666668,53.948,244.59799999999998,112.15333333333334
2022-11-25,0,25.467,1.8306896551724139,11.927241379310344,72.74666666666667,328.034,164.97466666666665
2022-11-26,0,30.104333333333333,1.620344827586207,10.825172413793103,65.807,340.447,188.6013793103448
2022-11-27,0,27.207,1.7342857142857144,10.809655172413795,66.00033333333333,323.255,182.7603448275862
2022-11-28,0,24.273333333333333,2.0837931034482757,11.23103448275862,77.04133333333333,373.81433333333337,206.24862068965518
2022-11-29,0,25.112666666666666,2.3017241379310347,10.897333333333334,83.243,416.5146666666667,239.174
2022-11-30,0,23.423333333333336,1.8853333333333333,8.914,70.96266666666666,369.56066666666663,214.888
2022-12-01,0,25.755,1.758,11.474,67.63533333333334,372.4916666666667,220.90366666666665
2022-12-02,0,25.745333333333335,1.8633333333333333,9.781333333333333,72.40233333333335,363.4103333333333,208.717
2022-12-03,0,28.447,2.3346666666666667,9.931999999999999,76.38133333333333,416.211,258.05
2022-12-04,0,26.377666666666666,1.8286666666666667,7.894,64.958,399.43766666666664,257.6166666666667
2022-12-05,0,23.062,1.6840000000000002,9.613,60.875,328.358,195.84266666666664
2022-12-06,0,27.196666666666665,1.2970000000000002,8.156,53.470333333333336,311.96866666666665,192.05499999999998
2022-12-07,0,26.913666666666664,1.1766666666666665,8.012,45.70666666666667,240.03066666666666,138.86166666666668
2022-12-08,0,25.207666666666668,1.4333333333333333,9.235999999999999,52.699333333333335,267.96933333333334,149.66133333333335
2022-12-09,0,25.277333333333335,1.7546666666666666,9.743,60.75866666666666,317.491,177.67833333333334
2022-12-10,0,20.447333333333333,2.0826666666666664,10.623333333333333,66.79166666666667,382.48766666666666,222.547
2022-12-11,0,19.46333333333333,1.2517241379310344,8.223333333333334,51.51586206896552,247.585,138.90233333333333
2022-12-12,0,19.978666666666665,1.2636666666666665,8.210333333333333,47.51033333333333,214.12766666666667,98.97166666666666
2022-12-13,0,23.997333333333334,0.9144827586206896,6.881333333333333,41.617666666666665,178.91133333333335,73.74066666666667
2022-12-14,0,24.96833333333333,1.043103448275862,7.338,41.16366666666667,187.703,89.57266666666666
2022-12-15,0,23.71033333333333,1.053448275862069,8.770000000000001,51.298,198.824,93.923
2022-12-16,0,23.854666666666667,1.4603333333333335,9.411,57.163333333333334,250.404,129.059
2022-12-17,0,22.240000000000002,1.7696666666666667,8.604000000000001,57.605333333333334,309.05766666666665,173.30533333333332
2022-12-18,0,20.450333333333333,1.8493333333333333,8.836666666666668,58.82333333333334,414.53499999999997,265.7013333333333
2022-12-19,0,19.250666666666667,1.8416666666666666,8.288333333333334,60.27633333333333,401.26800000000003,266.9133333333333
2022-12-20,0,17.404666666666667,1.6446666666666665,7.619666666666666,53.55499999999999,331.195,209.16033333333334
2022-12-21,0,14.167666666666666,1.3586666666666667,6.6723333333333334,45.650333333333336,340.57,196.69333333333333
2022-12-22,0,13.117666666666668,1.4396666666666667,7.193333333333333,47.35033333333333,354.7706666666666,213.01366666666667
2022-12-23,0,16.319,1.4746666666666668,7.7173333333333325,50.980333333333334,334.209,209.09366666666668
2022-12-24,0,15.040666666666668,1.3066666666666669,7.343666666666667,43.407000000000004,267.6983333333333,169.06533333333334
2022-12-25,0,15.042666666666666,1.281,7.145333333333334,35.202666666666666,285.505,175.45033333333333
2022-12-26,0,10.193000000000001,1.5106666666666666,7.108666666666666,39.38066666666667,312.5083333333333,199.33633333333333
2022-12-27,0,15.687333333333333,1.457,6.749,40.68566666666666,255.74266666666665,173.558
2022-12-28,0,22.410666666666664,1.4183333333333332,7.875333333333333,42.373333333333335,264.8893333333333,159.58166666666665
2022-12-29,0,22.601333333333333,1.6020689655172413,8.860333333333333,54.31733333333333,341.48966666666666,205.13033333333334
2022-12-30,0,21.034666666666666,1.748,8.205666666666668,46.22166666666667,408.688,271.214
2022-12-31,0,17.039,1.0936666666666668,6.64,31.495,251.3563333333333,165.217
2023-01-01,0,20.732666666666667,1.393,7.575666666666666,36.85066666666667,228.782,147.67700000000002
2023-01-02,0,16.645,1.2826666666666666,6.518666666666666,36.290333333333336,350.1596666666666,245.92833333333334
2023-01-03,0,15.968,1.145,10.782333333333334,35.587333333333326,380.1356666666667,252.44666666666666
2023-01-04,0,16.434666666666665,1.2286666666666666,8.862666666666666,33.42633333333333,294.68733333333336,190.62800000000001
2023-01-05,0,9.799333333333333,1.4886666666666668,10.141333333333334,39.650666666666666,335.17366666666663,218.46566666666666
2023-01-06,0,12.770666666666667,1.3589999999999998,9.018666666666666,50.99033333333333,446.7296666666667,267.95433333333335
2023-01-07,0,12.315333333333333,1.5196666666666667,12.183,44.37766666666666,406.814,238.14600000000002
2023-01-08,0,12.96448275862069,1.7383333333333333,8.160666666666666,40.5,394.5868965517242,270.2953333333333
2023-01-09,0,12.984,2.376551724137931,8.036666666666667,52.949,537.8283333333334,388.57633333333337
2023-01-10,0,12.324000000000002,1.602,7.197666666666667,39.44733333333333,349.008,241.00533333333334
2023-01-11,0,14.427,1.2753333333333332,6.894666666666667,40.285,290.8986666666667,185.03533333333334
2023-01-12,0,16.509,1.525,8.256,38.77966666666667,327.52666666666664,213.19633333333334
2023-01-13,0,17.836333333333336,1.5143333333333333,8.109333333333334,39.349000000000004,330.6066666666667,225.66566666666668
2023-01-14,0,21.774,0.9593333333333334,6.933333333333334,31.833000000000002,253.13066666666666,161.36066666666665
2023-01-15,0,24.21344827586207,0.9646666666666667,7.591666666666667,42.083666666666666,207.54966666666667,103.98166666666665
2023-01-16,0,21.923000000000002,1.232,8.074666666666667,51.76366666666667,275.82,149.454
2023-01-17,0,21.308,1.3063333333333333,8.053333333333333,52.76033333333333,283.3593333333334,158.46133333333333
2023-01-18,0,21.58966666666667,1.5296666666666667,10.165666666666668,60.75266666666666,358.12,200.97133333333335
2023-01-19,0,21.978965517241377,1.3924137931034484,11.499310344827586,67.87517241379311,359.0806896551724,207.75413793103448
2023-01-20,0,22.705172413793104,0.8363333333333334,8.32642857142857,38.78433333333333,174.89600000000002,97.85733333333333
2023-01-21,0,20.598000000000003,1.517,9.683103448275862,54.81466666666667,348.38199999999995,220.07866666666666
2023-01-22,0,21.295,1.5193333333333332,8.85344827586207,54.59766666666667,395.33433333333335,259.0443333333333
2023-01-23,0,19.484666666666666,1.5553333333333332,9.921,52.02366666666667,319.722,174.996
2023-01-24,0,13.453666666666667,0.9976666666666667,7.257000000000001,40.352333333333334,181.88,94.74266666666668
2023-01-25,0,10.456,1.1280000000000001,7.2266666666666675,41.041666666666664,184.46233333333333,113.055
2023-01-26,0,13.464,0.9193333333333332,7.008,29.212,212.49533333333332,148.97899999999998
2023-01-27,0,28.479333333333333,0.8456666666666667,8.529,40.02366666666667,176.96533333333335,97.64833333333333
2023-01-28,0,31.427241379310345,1.1556666666666666,13.113666666666665,50.098,234.62566666666666,128.82133333333334
2023-01-29,0,9.693103448275863,1.633,10.371999999999998,58.551,298.358,200.25066666666666
2023-01-30,0,15.270689655172415,1.1643333333333332,11.059,38.441,129.089,83.15966666666667
2023-01-31,0,15.928965517241378,0.997,8.421666666666665,30.173333333333336,138.16400000000002,85.38833333333334
2023-02-01,0,23.087,0.95,7.434666666666667,31.808666666666667,156.7086666666667,88.15166666666667
2023-02-02,0,24.397666666666666,0.9919999999999999,7.469666666666667,37.97866666666666,184.54799999999997,90.57666666666667
2023-02-03,0,24.248,1.285,8.788,44.64066666666667,229.34133333333332,110.62966666666667
2023-02-04,0,25.551666666666666,1.121,10.435,49.48633333333333,246.45533333333333,125.47599999999998
2023-02-05,0,25.262666666666668,1.1773333333333333,9.062000000000001,46.477333333333334,220.76466666666664,111.203
2023-02-06,0,24.52266666666667,1.9686666666666668,9.445,61.14233333333333,315.24133333333333,152.342
2023-02-07,0,19.537666666666667,1.1826666666666665,7.047666666666667,42.909666666666666,253.78900000000002,124.82133333333333
2023-02-08,0,26.14,1.0816666666666668,8.676333333333334,44.120666666666665,187.82133333333334,78.43233333333335
2023-02-09,0,23.920666666666666,1.1316666666666666,9.267333333333333,52.73310344827586,220.29233333333335,96.99266666666666
2023-02-10,0,23.34,1.189,9.334333333333335,48.14793103448276,225.50166666666667,99.86366666666666
2023-02-11,0,26.692,1.1736666666666666,8.588,44.97137931034483,282.75266666666664,144.48266666666666
2023-02-12,0,31.966333333333335,0.6883333333333332,8.172,30.356551724137933,154.183,57.79333333333333
2023-02-13,0,37.76433333333333,0.676,8.136333333333333,29.923448275862068,162.20241379310343,50.41733333333333
2023-02-14,0,32.407666666666664,0.882,9.444333333333333,41.61344827586207,164.78266666666664,66.13266666666667
2023-02-15,0,29.778666666666666,1.0636666666666668,10.579666666666666,47.42344827586207,214.0656666666667,96.67966666666666
2023-02-16,0,28.173000000000002,1.7066666666666668,11.280333333333335,57.96206896551725,339.261,176.22299999999998
2023-02-17,0,32.981,2.1456666666666666,9.331333333333333,63.09448275862069,406.97766666666666,238.402
2023-02-18,0,28.433666666666667,1.7976666666666667,9.562333333333333,57.91379310344828,363.95799999999997,211.8563333333333
2023-02-19,0,30.27310344827586,1.8039999999999998,9.415333333333333,55.57344827586207,338.1683333333333,188.684
2023-02-20,0,28.132333333333335,1.5273333333333334,9.434,51.61379310344827,307.11066666666665,157.279
2023-02-21,0,30.909333333333333,1.1726666666666667,8.869666666666665,43.74766666666667,261.9166666666667,132.077
2023-02-22,0,22.077333333333332,1.4156666666666666,8.566333333333334,42.76433333333333,267.553,143.32766666666666
2023-02-23,0,24.685333333333332,0.981,7.608666666666666,40.37733333333333,196.63033333333334,84.3103448275862
2023-02-24,0,29.980999999999998,1.0826666666666667,8.651,45.772000000000006,207.09766666666667,84.18133333333334
2023-02-25,0,28.989333333333335,1.3710344827586207,10.132333333333333,49.64666666666667,269.58733333333333,119.55966666666667
2023-02-26,0,33.446333333333335,1.5086666666666666,10.950999999999999,51.541666666666664,301.75333333333333,143.38133333333334
2023-02-27,0,29.631000000000004,1.3537931034482757,10.318999999999999,47.383,264.55533333333335,123.91233333333334
2023-02-28,0,24.288333333333334,1.125,9.91,42.933,237.844,94.01
2023-03-01,0,22.62,1.192,9.753666666666668,42.40566666666667,232.34566666666666,76.33933333333333
2023-03-02,0,24.759,1.1443333333333332,10.245666666666667,41.60033333333333,219.86533333333333,94.955
2023-03-03,0,23.675333333333334,0.8673333333333333,8.573333333333332,31.82633333333333,155.01366666666667,64.76433333333334
2023-03-04,0,23.871666666666666,0.8943333333333333,9.432758620689656,32.123666666666665,159.19799999999998,58.402
2023-03-05,0,28.84,0.8053333333333333,8.937586206896551,29.000333333333334,142.89933333333332,59.51933333333333
2023-03-06,0,31.726333333333333,0.9410000000000001,9.45551724137931,32.842,158.2686666666667,71.23366666666668
2023-03-07,0,31.578,1.1816666666666664,9.903103448275862,40.83133333333333,186.762,88.395
2023-03-08,0,37.005172413793105,1.2256666666666667,11.632758620689655,32.884,198.46833333333333,116.19900000000001
2023-03-09,0,37.38033333333333,0.8583333333333333,8.908275862068965,30.11866666666667,131.87666666666667,58.41266666666666
2023-03-10,0,30.61896551724138,1.0986206896551725,10.188214285714285,35.746206896551726,204.50034482758622,96.73344827586207
2023-03-11,0,33.12766666666667,1.2556666666666667,10.970344827586207,39.59666666666667,219.42999999999998,96.93166666666666
2023-03-12,0,34.92733333333333,1.3606666666666667,11.407586206896552,43.66466666666667,242.54633333333334,101.78299999999999
2023-03-13,0,31.787,1.314,12.382,42.03766666666666,255.82766666666666,112.75966666666666
2023-03-14,0,31.265,1.1723333333333334,11.889333333333333,36.97033333333333,233.88966666666667,106.36533333333334
2023-03-15,0,35.257333333333335,1.3989655172413793,13.193999999999999,48.51033333333333,254.87366666666668,103.45633333333333
2023-03-16,0,36.22931034482759,1.0782142857142856,13.422758620689654,40.955862068965516,244.23620689655175,107.32620689655172
2023-03-17,0,30.967931034482756,1.1025,12.984827586206897,41.791034482758626,228.74758620689656,98.59103448275862
2023-03-18,0,20.28,0.9989285714285714,8.801379310344828,31.542758620689657,126.5496551724138,72.75862068965517
2023-03-19,0,24.9025,1.1703571428571427,8.572068965517241,33.03,156.6651724137931,85.61172413793102
2023-03-20,0,20.798148148148147,0.9734615384615386,7.3496428571428565,29.568214285714284,142.69750000000002,60.85
2023-03-21,0,30.15896551724138,0.8925,7.491724137931034,24.42862068965517,84.96827586206896,47.45214285714286
2023-03-22,0,34.315000000000005,1.1724137931034482,9.173333333333334,33.17,166.42866666666666,80.77666666666667
2023-03-23,0,25.766000000000002,1.186,10.174000000000001,32.84433333333333,175.25133333333332,77.73333333333333
2023-03-24,0,21.14766666666667,1.236,10.649,39.208666666666666,193.66033333333334,93.42399999999999
2023-03-25,0,30.445666666666668,1.0206666666666666,8.677666666666665,27.69766666666667,101.68366666666665,42.63933333333333
2023-03-26,0,32.458333333333336,0.8686666666666666,9.41,27.889333333333333,193.068,69.72333333333333
2023-03-27,0,34.73633333333333,0.8803333333333333,11.018666666666666,28.306333333333335,146.57766666666666,62.248666666666665
2023-03-28,0,32.265,0.9786666666666667,11.133999999999999,34.568,177.36733333333333,72.23166666666665
2023-03-29,0,41.859,1.1776666666666666,13.439333333333334,40.614000000000004,210.97966666666667,91.20133333333334
2023-03-30,0,42.77166666666667,0.9966666666666666,10.777,29.684666666666665,170.82266666666666,73.96633333333334
2023-03-31,0,32.30766666666667,0.8073333333333333,8.056333333333333,26.021666666666665,61.717,30.948275862068964
2023-04-01,0,35.715,0.9683333333333334,8.244333333333334,28.375999999999998,99.96833333333333,46.424
2023-04-02,0,29.554,1.1936666666666667,8.377,32.071666666666665,149.21633333333332,63.791666666666664
2023-04-03,0,33.0,1.2489999999999999,9.630666666666666,33.00551724137931,187.21266666666668,75.25766666666667
2023-04-04,0,31.945333333333334,0.9646666666666666,8.485666666666667,28.589655172413792,130.808,47.51533333333334
2023-04-05,0,30.42366666666667,1.0683333333333331,10.786666666666667,35.946,170.364,58.912000000000006
2023-04-06,0,34.532666666666664,0.8973333333333333,9.804,31.100666666666665,158.18800000000002,47.338
2023-04-07,0,35.01266666666667,0.9293333333333333,11.757333333333333,34.787666666666674,163.274,53.61066666666667
2023-04-08,0,39.81166666666666,1.088,12.043000000000001,39.294333333333334,193.83766666666668,74.28133333333334
2023-04-09,0,36.07066666666666,1.215862068965517,13.617333333333333,47.39533333333334,263.802,111.19666666666667
2023-04-10,0,36.82166666666667,1.2563333333333333,15.102666666666666,47.503,249.61033333333333,97.57133333333333
2023-04-11,0,33.45133333333333,1.2596666666666667,19.271333333333335,49.70166666666667,309.3206666666667,129.88566666666665
2023-04-12,0,31.699666666666666,1.0123333333333333,14.646666666666667,41.73466666666666,243.663,84.53433333333334
2023-04-13,0,31.762,1.1993333333333331,16.493666666666666,43.748000000000005,266.59166666666664,95.028
2023-04-14,0,30.757,1.2366666666666668,16.882333333333335,47.483333333333334,275.4633333333333,105.17366666666666
2023-04-15,0,37.361999999999995,1.4736666666666667,16.658666666666665,56.85433333333334,288.5686666666667,109.68966666666667
2023-04-16,0,31.050666666666665,1.2770000000000001,13.639000000000001,50.15566666666667,241.782,79.42633333333333
2023-04-17,0,37.129333333333335,1.3833333333333333,13.939666666666666,47.31033333333333,258.76433333333335,76.36033333333333
2023-04-18,0,23.733333333333334,1.3539999999999999,12.347,44.049,278.3553333333333,84.114
2023-04-19,0,40.175666666666665,0.8536666666666667,10.05,29.783333333333335,274.54833333333335,66.271
2023-04-20,0,31.514,0.9570000000000001,10.097333333333333,31.490000000000002,154.53233333333336,45.642
2023-04-21,0,43.669,0.8736666666666667,9.955666666666668,30.413666666666664,163.62566666666666,43.967666666666666
2023-04-22,0,58.09766666666667,0.7883333333333333,11.149333333333335,29.346,153.38033333333334,43.068
2023-04-23,0,49.391333333333336,0.887,8.064333333333334,28.853666666666665,119.982,28.484333333333332
2023-04-24,0,42.01733333333333,1.0390000000000001,13.82,41.46633333333333,188.81666666666666,63.93766666666667
2023-04-25,0,55.308,1.0675862068965518,11.607333333333335,37.906,171.26033333333334,58.407000000000004
2023-04-26,0,49.38033333333333,1.356,12.792666666666667,53.302,250.34033333333335,92.90033333333334
2023-04-27,0,53.65333333333333,1.0450000000000002,11.283999999999999,41.493,235.93366666666668,83.766
2023-04-28,0,41.225,1.2286666666666666,12.083666666666666,47.251,188.84866666666667,72.40966666666667
2023-04-29,0,29.636666666666667,1.0503333333333333,10.037,41.73133333333333,231.0896666666667,77.69966666666666
2023-04-30,0,39.81066666666666,0.9253333333333332,8.744,33.12833333333334,116.74333333333334,52.98233333333334
2023-05-01,0,19.116,0.9746666666666666,6.391666666666667,26.908,74.339,44.19466666666666
2023-05-02,0,24.871333333333332,0.9403448275862069,6.484666666666667,23.62366666666667,80.07199999999999,41.778
2023-05-03,0,21.996333333333332,1.0376666666666667,7.0953333333333335,27.351999999999997,95.53866666666666,48.483666666666664
2023-05-04,0,40.794666666666664,1.162,8.103,33.72966666666667,133.19366666666667,63.19133333333333
2023-05-05,0,39.974666666666664,1.41,9.133666666666667,42.18033333333334,198.493,85.18866666666666
2023-05-06,0,28.458333333333332,1.2203333333333333,11.491999999999999,40.625,239.228,111.095
2023-05-07,0,38.059333333333335,1.0286666666666666,10.427,35.154,185.0,70.50733333333332
2023-05-08,0,33.26866666666667,1.1563333333333332,9.053333333333335,37.89033333333334,150.90133333333333,56.24366666666666
2023-05-09,0,47.166333333333334,1.2970000000000002,14.027,43.092,254.76833333333335,101.764
2023-05-10,0,47.622,1.2196666666666665,14.729000000000001,45.349666666666664,224.01166666666668,96.34433333333332
2023-05-11,0,41.27466666666667,1.5943333333333334,16.722333333333335,62.62966666666667,328.78333333333336,143.22633333333334
2023-05-12,0,52.01466666666667,1.498,11.717333333333332,62.412000000000006,261.5833333333333,99.04933333333334
2023-05-13,0,52.294333333333334,1.5659999999999998,14.049333333333333,62.407666666666664,274.80833333333334,106.59200000000001
2023-05-14,0,50.141724137931035,1.2675862068965515,12.829655172413792,48.83862068965517,288.74551724137933,107.29724137931034
2023-05-15,0,49.50966666666667,0.8613333333333333,10.629999999999999,32.27,190.47766666666666,42.56233333333333
2023-05-16,0,42.50033333333333,1.0096666666666667,9.970333333333334,32.23733333333333,478.242,143.19799999999998
2023-05-17,0,33.257666666666665,0.943,14.063448275862068,38.66366666666667,335.69,100.032
2023-05-18,0,52.42310344827586,0.8589655172413793,8.804642857142857,27.166551724137932,132.7551724137931,43.794137931034484
2023-05-19,0,54.54275862068965,1.0079310344827586,13.07392857142857,36.62482758620689,185.54,69.40206896551724
2023-05-20,0,46.547586206896554,1.2272413793103447,12.515862068965516,43.69275862068965,216.4331034482759,71.70448275862068
2023-05-21,0,41.85142857142858,1.3989655172413793,12.032068965517242,53.53448275862069,254.07714285714286,84.60620689655173
2023-05-22,0,32.23827586206897,0.9344827586206897,10.62413793103448,38.73413793103448,269.23172413793105,64.20724137931035
2023-05-23,0,33.06448275862069,0.7828571428571429,10.148620689655173,27.58896551724138,240.47689655172414,54.45724137931035
2023-05-24,0,32.095862068965516,0.8482142857142857,8.259285714285713,26.82241379310345,120.77793103448276,29.97344827586207
2023-05-25,0,50.070689655172416,0.8414285714285715,8.97107142857143,28.118275862068966,113.03206896551724,26.16448275862069
2023-05-26,0,48.05275862068965,1.0193103448275862,8.456428571428571,37.227500000000006,98.92068965517241,27.45655172413793
2023-05-27,0,34.63551724137931,1.0021428571428572,6.9817857142857145,38.89,98.79620689655172,33.91413793103448
2023-05-28,0,39.33103448275862,1.08,7.456428571428572,38.471034482758625,169.80413793103446,59.78448275862069
2023-05-29,0,29.03392857142857,0.9982142857142857,7.501111111111111,33.42464285714286,140.81821428571428,38.81071428571429
2023-05-30,0,40.83103448275862,0.9379310344827586,7.385714285714285,28.847586206896555,106.77137931034483,41.83689655172414
2023-05-31,0,27.900000000000002,0.8868965517241378,7.533571428571428,28.34551724137931,78.89137931034483,36.678275862068965
2023-06-01,0,27.577241379310344,1.01,7.255714285714285,33.92758620689655,115.62655172413794,51.12137931034483
2023-06-02,0,38.81733333333333,0.92,9.175862068965518,31.778000000000002,118.41133333333333,44.47241379310345
2023-06-03,0,38.08533333333333,1.1133333333333333,9.757931034482759,38.005,140.871,55.712999999999994
2023-06-04,0,39.42666666666666,1.0956666666666666,9.728620689655171,41.44533333333333,190.47666666666666,81.69733333333333
2023-06-05,0,48.46566666666667,1.1266666666666665,9.647241379310344,34.60066666666667,164.38566666666665,65.58266666666667
2023-06-06,0,54.254333333333335,0.8656666666666666,9.0675,30.848000000000003,145.00655172413795,73.02633333333333
2023-06-07,0,47.25,1.0873333333333333,9.680000000000001,37.443999999999996,254.42866666666666,71.96666666666667
2023-06-08,0,48.169333333333334,1.1263333333333334,12.108571428571429,40.39103448275862,167.03933333333333,55.279333333333334
2023-06-09,0,37.86299999999999,0.9723333333333334,9.506785714285714,31.112666666666666,163.2866666666667,44.651666666666664
2023-06-10,0,30.447666666666667,1.0170000000000001,9.138965517241381,31.303333333333335,167.85600000000002,42.219
2023-06-11,0,44.781666666666666,0.9176666666666667,8.185,26.697999999999997,153.48266666666666,41.163333333333334
2023-06-12,0,41.80233333333333,1.0130000000000001,9.371379310344826,29.943103448275863,204.53566666666666,52.71266666666667
2023-06-13,0,22.653000000000002,0.9203333333333333,8.667586206896551,29.222666666666665,273.524,60.01433333333333
2023-06-14,0,25.925333333333334,0.852,9.016896551724138,24.438,227.98866666666666,46.746
2023-06-15,0,29.767333333333333,0.95,8.013103448275862,28.241333333333333,158.407,38.388000000000005
2023-06-16,0,22.444333333333336,1.1840000000000002,9.361379310344828,31.403666666666666,131.978,40.14866666666667
2023-06-17,0,25.878333333333334,1.0496666666666667,7.451071428571429,26.78933333333333,125.65068965517241,43.684
2023-06-18,0,23.613,0.947,6.871785714285714,21.838666666666665,90.37142857142858,31.236666666666668
2023-06-19,0,16.718666666666667,1.0603333333333333,6.975862068965518,25.203666666666667,78.77833333333334,28.050666666666665
2023-06-20,0,25.872666666666664,1.019,6.961071428571429,25.049,107.50366666666667,41.963
2023-06-21,0,25.854333333333333,0.987,6.836206896551724,26.515666666666668,112.33266666666667,38.083333333333336
2023-06-22,0,21.124666666666666,1.1293333333333335,6.223448275862069,28.778666666666666,128.42766666666665,43.37466666666667
2023-06-23,0,22.719333333333335,1.088,6.294827586206896,26.992666666666665,154.861,51.65933333333333
2023-06-24,0,22.59333333333333,1.0823333333333334,6.588965517241379,27.368,154.26266666666666,55.547000000000004
2023-06-25,0,22.597666666666665,1.0363333333333333,6.075172413793104,22.78448275862069,53.07733333333333,26.819333333333336
2023-06-26,0,26.20266666666667,1.3343333333333334,7.021,25.291666666666668,96.90566666666668,46.99433333333333
2023-06-27,0,25.415666666666667,1.1606666666666667,6.890333333333333,24.055333333333333,87.04533333333333,36.634
2023-06-28,0,22.46966666666667,1.195,6.982666666666666,27.67233333333333,106.113,34.434
2023-06-29,0,22.852666666666668,1.1696666666666666,6.701333333333333,26.713,100.32733333333334,43.46033333333333
2023-06-30,0,25.736333333333334,1.0973333333333335,6.351333333333333,23.532333333333334,62.836999999999996,25.787
2023-07-01,0,26.199333333333335,1.0416666666666667,6.824333333333333,20.353448275862068,65.98833333333333,23.867666666666665
2023-07-02,0,27.726,1.149,6.858666666666666,22.54965517241379,82.71766666666667,33.824
2023-07-03,0,35.772333333333336,1.1696666666666666,6.922,31.153666666666666,138.57233333333335,54.05533333333334
2023-07-04,0,23.798333333333332,1.1640000000000001,6.493666666666667,32.498333333333335,129.40466666666666,50.09433333333333
2023-07-05,0,21.899333333333335,1.1213333333333333,6.209333333333333,24.476666666666667,78.998,38.01933333333333
2023-07-06,0,19.200689655172415,1.1113333333333333,6.071,23.984666666666666,59.961724137931036,29.317666666666664
2023-07-07,0,21.91758620689655,1.056,6.079,25.377666666666666,74.43533333333333,33.70033333333333
2023-07-08,0,18.110333333333333,1.0906666666666667,5.543,28.413333333333334,46.17633333333333,27.697333333333333
2023-07-09,0,17.126551724137933,1.0441379310344827,5.556071428571428,23.84551724137931,37.34344827586207,23.532758620689656
2023-07-10,0,20.513793103448275,1.056551724137931,6.281428571428571,23.932413793103446,47.896206896551725,27.32896551724138
2023-07-11,0,21.230344827586205,1.0692857142857142,6.436785714285714,24.346206896551724,72.0496551724138,33.94172413793103
2023-07-12,0,23.933103448275865,1.0989285714285715,6.6375,22.603448275862068,68.69178571428571,32.98655172413793
2023-07-13,0,22.188275862068966,1.0985714285714285,6.2299999999999995,21.46379310344828,82.89750000000001,39.56586206896552
2023-07-14,0,35.88333333333333,1.0,8.094,24.405,70.21833333333333,40.524
2023-07-15,0,22.703333333333333,0.9750000000000001,9.401666666666667,22.275000000000002,95.66166666666668,41.96333333333333
2023-07-16,0,23.096666666666664,0.8483333333333333,5.756666666666667,19.285,56.535000000000004,29.938333333333333
2023-07-17,0,25.896666666666665,1.0233333333333332,5.833333333333333,20.843333333333334,99.84333333333332,45.913333333333334
2023-07-18,0,23.488333333333333,0.915,6.300000000000001,19.375,82.70666666666666,39.68
2023-07-19,0,25.073333333333334,0.8383333333333334,5.2749999999999995,18.058333333333334,73.06833333333333,34.66166666666667
2023-07-20,0,30.962758620689655,1.2755172413793103,6.694482758620689,23.733103448275862,108.58642857142857,43.14586206896552
2023-07-21,0,22.41862068965517,1.1348275862068964,5.933103448275862,24.08448275862069,126.40535714285714,52.94827586206897
2023-07-22,0,21.036206896551725,0.8620689655172413,6.701724137931034,17.635862068965515,82.0748275862069,34.35
2023-07-23,0,22.17413793103448,0.903448275862069,7.980344827586207,18.64034482758621,67.12344827586206,27.885172413793104
2023-07-24,0,22.316206896551723,0.8679310344827587,7.417931034482759,18.71034482758621,75.09928571428573,30.91896551724138
2023-07-25,0,22.49896551724138,1.0144827586206895,10.763793103448277,21.874827586206898,97.74428571428572,44.08724137931034
2023-07-26,0,20.862666666666666,1.0473333333333334,8.606333333333334,24.103333333333335,58.14833333333333,26.317999999999998
2023-07-27,0,24.597666666666665,1.0686206896551724,6.8003448275862075,26.796666666666667,93.23166666666665,40.57366666666667
2023-07-28,0,23.733,1.0106666666666666,6.845862068965517,21.557333333333336,71.38733333333333,35.836999999999996
2023-07-29,0,14.788666666666666,1.011,6.125666666666667,19.435000000000002,40.18533333333333,16.154666666666667
2023-07-30,0,19.721,1.095,6.135666666666666,20.65793103448276,61.76266666666666,22.584
2023-07-31,0,11.436296296296298,0.9028571428571429,5.811599999999999,23.07925925925926,107.24499999999999,43.555862068965524
